<?xml version="1.0" encoding="UTF-8"?>
<faces-config version="2.2" xmlns="http://xmlns.jcp.org/xml/ns/javaee"
 xmlns:xsi="http://www.w3.org/2001/XMLSchema-instance" xsi:schemaLocation="http://xmlns.jcp.org/xml/ns/javaee         http://xmlns.jcp.org/xml/ns/javaee/web-facesconfig_2_2.xsd">
 <navigation-rule>
  <from-view-id>/index.xhtml</from-view-id>
  <navigation-case>
   <from-outcome>create</from-outcome>
   <to-view-id>/account</to-view-id>
  </navigation-case>
  <navigation-case>
   <from-outcome>list</from-outcome>
   <to-view-id>/account/list.xhtml</to-view-id>
  </navigation-case>
  <navigation-case>
   <from-outcome>detail</from-outcome>
   <to-view-id>/account/detail.xhtml</to-view-id>
  </navigation-case>
 </navigation-rule>
 <navigation-rule>
  <from-view-id>/account/list.xhtml</from-view-id>
  <navigation-case>
   <from-outcome>detail</from-outcome>
   <to-view-id>/account/detail.xhtml</to-view-id>
  </navigation-case>
 </navigation-rule>
 <application/>
</faces-config>
